model,split,accuracy,precision,recall,f1,roc_auc
LogisticRegression_unweighted,val,0.8148148148148148,0.6,0.2727272727272727,0.375,0.6469344608879493
LogisticRegression,val,0.6296296296296297,0.30434782608695654,0.6363636363636364,0.4117647058823529,0.6490486257928119
RandomForest,val,0.8148148148148148,0.6666666666666666,0.18181818181818182,0.2857142857142857,0.7124735729386893
