model,split,accuracy,precision,recall,f1,roc_auc
LogisticRegression_balanced,test,0.7272727272727273,0.36363636363636365,0.3333333333333333,0.34782608695652173,0.6841085271317829
