model,split,accuracy,precision,recall,f1,roc_auc
LogisticRegression_unweighted,test,0.7818181818181819,0.5,0.08333333333333333,0.14285714285714285,0.6996124031007752
