model,split,accuracy,precision,recall,f1,roc_auc
LogisticRegression,val,0.6296296296296297,0.30434782608695654,0.6363636363636364,0.4117647058823529,0.6490486257928119
